Filename,Identity,View
016z050pf.jpg,50,f
016z050ps.jpg,50,s
016z051pf.jpg,51,f
016z051ps.jpg,51,s
016z052pf.jpg,52,f
016z052ps.jpg,52,s
017z053pf.jpg,53,f
017z053ps.jpg,53,s
017z054pf.jpg,54,f
017z054ps.jpg,54,s
017z055pf.jpg,55,f
017z055ps.jpg,55,s
017z056pf.jpg,56,f
017z056ps.jpg,56,s
018z057pf.jpg,57,f
018z057ps.jpg,57,s
018z058pf.jpg,58,f
018z058ps.jpg,58,s
018z059pf.jpg,59,f
018z059ps.jpg,59,s
018z060pf.jpg,60,f
018z060ps.jpg,60,s
018z061pf.jpg,61,f
018z061ps.jpg,61,s
018z062pf.jpg,62,f
018z062ps.jpg,62,s
019z063pf.jpg,63,f
019z063ps.jpg,63,s
019z064pf.jpg,64,f
019z064ps.jpg,64,s
019z065pf.jpg,65,f
019z065ps.jpg,65,s
019z066pf.jpg,66,f
019z066ps.jpg,66,s
019z067pf.jpg,67,f
019z067ps.jpg,67,s
019z068pf.jpg,68,f
019z068ps.jpg,68,s
020z069pf.jpg,69,f
020z069ps.jpg,69,s
020z070pf.jpg,70,f
020z070ps.jpg,70,s
020z071pf.jpg,71,f
020z071ps.jpg,71,s
020z072pf.jpg,72,f
020z072ps.jpg,72,s
021z001pf.jpg,01,f
021z001ps.jpg,01,s
021z002pf.jpg,02,f
021z002ps.jpg,02,s
021z003pf.jpg,03,f
021z003ps.jpg,03,s
021z004pf.jpg,04,f
021z004ps.jpg,04,s
021z005pf.jpg,05,f
021z005ps.jpg,05,s
021z006pf.jpg,06,f
021z006ps.jpg,06,s
021z007pf.jpg,07,f
021z007ps.jpg,07,s
021z008pf.jpg,08,f
021z008ps.jpg,08,s
021z009pf.jpg,09,f
021z009ps.jpg,09,s
021z010pf.jpg,10,f
021z010ps.jpg,10,s
022z073pf.jpg,73,f
022z073ps.jpg,73,s
022z074pf.jpg,74,f
022z074ps.jpg,74,s
022z075pf.jpg,75,f
022z075ps.jpg,75,s
022z076pf.jpg,76,f
022z076ps.jpg,76,s
022z077pf.jpg,77,f
022z077ps.jpg,77,s
023z078pf.jpg,78,f
023z078ps.jpg,78,s
023z079pf.jpg,79,f
023z079ps.jpg,79,s
023z080pf.jpg,80,f
023z080ps.jpg,80,s
023z081pf.jpg,81,f
023z081ps.jpg,81,s
023z082pf.jpg,82,f
023z082ps.jpg,82,s
024z011pf.jpg,11,f
024z011ps.jpg,11,s
